<PAMDataset>
  <Metadata>
    <MDI key="DataType">Generic</MDI>
  </Metadata>
  <Metadata domain="Esri">
    <MDI key="PyramidResamplingType">NEAREST</MDI>
  </Metadata>
  <PAMRasterBand band="1">
    <Histograms>
      <HistItem>
        <HistMin>5</HistMin>
        <HistMax>77</HistMax>
        <BucketCount>256</BucketCount>
        <IncludeOutOfRange>1</IncludeOutOfRange>
        <Approximate>0</Approximate>
        <HistCounts>1|0|0|0|0|0|0|13|0|0|32|0|0|0|61|0|0|86|0|0|0|87|0|0|124|0|0|0|172|0|0|241|0|0|0|316|0|0|350|0|0|0|462|0|0|0|666|0|0|935|0|0|0|1160|0|0|1349|0|0|0|1652|0|0|2112|0|0|0|2460|0|0|2515|0|0|0|2988|0|0|3742|0|0|0|4377|0|0|0|4496|0|0|4572|0|0|0|5159|0|0|4885|0|0|0|4850|0|0|5654|0|0|0|6016|0|0|6950|0|0|0|5975|0|0|5893|0|0|0|5849|0|0|5530|0|0|0|4681|0|0|0|4513|0|0|4477|0|0|0|4240|0|0|3545|0|0|0|3151|0|0|2606|0|0|0|2210|0|0|1684|0|0|0|1295|0|0|1061|0|0|0|878|0|0|0|642|0|0|445|0|0|0|349|0|0|300|0|0|0|182|0|0|141|0|0|0|96|0|0|77|0|0|0|62|0|0|38|0|0|0|30|0|0|17|0|0|0|16|0|0|0|11|0|0|10|0|0|0|7|0|0|5|0|0|0|6|0|0|6|0|0|0|2|0|0|2|0|0|0|0|0|0|2|0|0|0|2|0|0|0|1</HistCounts>
      </HistItem>
    </Histograms>
    <Metadata>
      <MDI key="STATISTICS_MINIMUM">5</MDI>
      <MDI key="STATISTICS_MAXIMUM">77</MDI>
      <MDI key="STATISTICS_MEAN">35.682718643013</MDI>
      <MDI key="STATISTICS_STDDEV">8.3910733678345</MDI>
      <MDI key="STATISTICS_SKIPFACTORX">1</MDI>
      <MDI key="STATISTICS_SKIPFACTORY">1</MDI>
      <MDI key="STATISTICS_EXCLUDEDVALUES"></MDI>
      <MDI key="STATISTICS_COVARIANCES">70.4101122643821</MDI>
    </Metadata>
  </PAMRasterBand>
</PAMDataset>
