<PAMDataset>
  <Metadata>
    <MDI key="DataType">Generic</MDI>
  </Metadata>
  <Metadata domain="Esri">
    <MDI key="PyramidResamplingType">NEAREST</MDI>
  </Metadata>
  <PAMRasterBand band="1">
    <Histograms>
      <HistItem>
        <HistMin>5</HistMin>
        <HistMax>88</HistMax>
        <BucketCount>256</BucketCount>
        <IncludeOutOfRange>1</IncludeOutOfRange>
        <Approximate>0</Approximate>
        <HistCounts>1|0|0|6|0|0|5|0|0|9|0|0|9|0|0|11|0|0|24|0|0|32|0|0|22|0|0|35|0|0|48|0|0|64|0|0|99|0|0|132|0|0|0|219|0|0|318|0|0|418|0|0|581|0|0|832|0|0|977|0|0|960|0|0|1236|0|0|1694|0|0|2144|0|0|2426|0|0|2664|0|0|3238|0|0|3252|0|0|0|3255|0|0|3849|0|0|4531|0|0|5435|0|0|5472|0|0|5721|0|0|6056|0|0|5838|0|0|5072|0|0|5002|0|0|5136|0|0|4933|0|0|4556|0|0|4225|0|0|0|4103|0|0|3839|0|0|3473|0|0|3109|0|0|3007|0|0|3006|0|0|2611|0|0|2305|0|0|2146|0|0|1926|0|0|1600|0|0|1229|0|0|1017|0|0|941|0|0|0|760|0|0|589|0|0|435|0|0|365|0|0|296|0|0|225|0|0|199|0|0|157|0|0|146|0|0|113|0|0|101|0|0|74|0|0|42|0|0|38|0|0|0|29|0|0|21|0|0|16|0|0|19|0|0|13|0|0|6|0|0|9|0|0|4|0|0|7|0|0|4|0|0|1|0|0|1|0|0|0|0|0|0|1</HistCounts>
      </HistItem>
    </Histograms>
    <Metadata>
      <MDI key="STATISTICS_MINIMUM">5</MDI>
      <MDI key="STATISTICS_MAXIMUM">88</MDI>
      <MDI key="STATISTICS_MEAN">41.664114534703</MDI>
      <MDI key="STATISTICS_STDDEV">9.5558980127578</MDI>
      <MDI key="STATISTICS_SKIPFACTORX">1</MDI>
      <MDI key="STATISTICS_SKIPFACTORY">1</MDI>
      <MDI key="STATISTICS_EXCLUDEDVALUES"></MDI>
      <MDI key="STATISTICS_COVARIANCES">91.3151868302279</MDI>
    </Metadata>
  </PAMRasterBand>
</PAMDataset>
