<PAMDataset>
  <Metadata>
    <MDI key="DataType">Generic</MDI>
  </Metadata>
  <Metadata domain="Esri">
    <MDI key="PyramidResamplingType">NEAREST</MDI>
  </Metadata>
  <PAMRasterBand band="1">
    <Histograms>
      <HistItem>
        <HistMin>8</HistMin>
        <HistMax>74</HistMax>
        <BucketCount>256</BucketCount>
        <IncludeOutOfRange>1</IncludeOutOfRange>
        <Approximate>0</Approximate>
        <HistCounts>3|0|0|44|0|0|0|351|0|0|0|1496|0|0|0|3037|0|0|0|5895|0|0|0|8447|0|0|0|6710|0|0|6203|0|0|0|7354|0|0|0|8464|0|0|0|8737|0|0|0|7475|0|0|0|7291|0|0|0|7127|0|0|6382|0|0|0|5447|0|0|0|5030|0|0|0|4961|0|0|0|4583|0|0|0|4039|0|0|0|3253|0|0|0|2973|0|0|2433|0|0|0|1893|0|0|0|1633|0|0|0|1467|0|0|0|1237|0|0|0|977|0|0|0|812|0|0|635|0|0|0|512|0|0|0|378|0|0|0|264|0|0|0|223|0|0|0|199|0|0|0|149|0|0|102|0|0|0|73|0|0|0|46|0|0|0|44|0|0|0|25|0|0|0|24|0|0|0|19|0|0|0|19|0|0|12|0|0|0|7|0|0|0|10|0|0|0|5|0|0|0|1|0|0|0|1|0|0|0|4|0|0|5|0|0|0|0|0|0|0|1|0|0|0|1|0|0|0|2|0|0|0|1|0|0|0|0|0|0|0|0|0|0|1|0|0|0|1|0|0|0|0|0|0|0|0|0|0|0|0|0|0|0|0|0|0|0|2</HistCounts>
      </HistItem>
    </Histograms>
    <Metadata>
      <MDI key="STATISTICS_MINIMUM">8</MDI>
      <MDI key="STATISTICS_MAXIMUM">74</MDI>
      <MDI key="STATISTICS_MEAN">21.549245253657</MDI>
      <MDI key="STATISTICS_STDDEV">6.6797344762979</MDI>
      <MDI key="STATISTICS_SKIPFACTORX">1</MDI>
      <MDI key="STATISTICS_SKIPFACTORY">1</MDI>
      <MDI key="STATISTICS_EXCLUDEDVALUES"></MDI>
      <MDI key="STATISTICS_COVARIANCES">44.6188526738428</MDI>
    </Metadata>
  </PAMRasterBand>
</PAMDataset>
