<PAMDataset>
  <Metadata>
    <MDI key="DataType">Generic</MDI>
  </Metadata>
  <Metadata domain="Esri">
    <MDI key="PyramidResamplingType">NEAREST</MDI>
  </Metadata>
  <PAMRasterBand band="1">
    <Histograms>
      <HistItem>
        <HistMin>11</HistMin>
        <HistMax>112</HistMax>
        <BucketCount>256</BucketCount>
        <IncludeOutOfRange>1</IncludeOutOfRange>
        <Approximate>0</Approximate>
        <HistCounts>2|0|1|0|0|2|0|6|0|0|6|0|9|0|0|3|0|6|0|0|6|0|3|0|0|8|0|4|0|0|4|0|9|0|0|9|0|2|0|0|9|0|8|0|0|13|0|18|0|0|32|0|0|49|0|90|0|0|128|0|259|0|0|388|0|660|0|0|826|0|1307|0|0|1976|0|2713|0|0|2707|0|3241|0|0|4307|0|5456|0|0|5793|0|5904|0|0|6395|0|6210|0|0|5457|0|5108|0|0|5569|0|0|6020|0|5691|0|0|5502|0|5324|0|0|5177|0|4666|0|0|4118|0|3916|0|0|3741|0|3220|0|0|2725|0|2318|0|0|1986|0|1602|0|0|1227|0|1061|0|0|946|0|737|0|0|631|0|0|470|0|431|0|0|350|0|259|0|0|218|0|201|0|0|167|0|142|0|0|121|0|104|0|0|94|0|73|0|0|81|0|76|0|0|54|0|44|0|0|43|0|37|0|0|32|0|34|0|0|25|0|0|18|0|32|0|0|16|0|15|0|0|16|0|5|0|0|8|0|7|0|0|7|0|7|0|0|9|0|3|0|0|4|0|0|0|0|3|0|0|0|0|2|0|0|0|0|0|0|0|1</HistCounts>
      </HistItem>
    </Histograms>
    <Metadata>
      <MDI key="STATISTICS_MINIMUM">11</MDI>
      <MDI key="STATISTICS_MAXIMUM">112</MDI>
      <MDI key="STATISTICS_MEAN">53.061103330221</MDI>
      <MDI key="STATISTICS_STDDEV">8.5903407298805</MDI>
      <MDI key="STATISTICS_SKIPFACTORX">1</MDI>
      <MDI key="STATISTICS_SKIPFACTORY">1</MDI>
      <MDI key="STATISTICS_EXCLUDEDVALUES"></MDI>
      <MDI key="STATISTICS_COVARIANCES">73.7939538554439</MDI>
    </Metadata>
  </PAMRasterBand>
</PAMDataset>
