<PAMDataset>
  <Metadata>
    <MDI key="DataType">Generic</MDI>
  </Metadata>
  <Metadata domain="Esri">
    <MDI key="PyramidResamplingType">NEAREST</MDI>
  </Metadata>
  <PAMRasterBand band="1">
    <Histograms>
      <HistItem>
        <HistMin>10</HistMin>
        <HistMax>88</HistMax>
        <BucketCount>256</BucketCount>
        <IncludeOutOfRange>1</IncludeOutOfRange>
        <Approximate>0</Approximate>
        <HistCounts>1|0|0|1|0|0|16|0|0|453|0|0|0|2615|0|0|3791|0|0|4608|0|0|6702|0|0|0|8277|0|0|9107|0|0|8058|0|0|8562|0|0|0|9023|0|0|7866|0|0|6721|0|0|0|6211|0|0|6255|0|0|6167|0|0|5257|0|0|0|4311|0|0|3958|0|0|3214|0|0|2607|0|0|0|2308|0|0|2090|0|0|1891|0|0|0|1487|0|0|1201|0|0|1042|0|0|840|0|0|0|658|0|0|532|0|0|455|0|0|349|0|0|0|317|0|0|262|0|0|207|0|0|175|0|0|0|154|0|0|109|0|0|97|0|0|0|80|0|0|82|0|0|69|0|0|52|0|0|0|46|0|0|44|0|0|34|0|0|37|0|0|0|20|0|0|17|0|0|12|0|0|0|13|0|0|11|0|0|9|0|0|5|0|0|0|6|0|0|7|0|0|3|0|0|5|0|0|0|2|0|0|0|0|0|4|0|0|1|0|0|0|0|0|0|2|0|0|1|0|0|0|0|0|0|0|0|0|0|0|0|0|0|0|0|1|0|0|0|0|0|0|0|0|0|0|0|0|1|0|0|0|0|0|0|0|0|0|1</HistCounts>
      </HistItem>
    </Histograms>
    <Metadata>
      <MDI key="STATISTICS_MINIMUM">10</MDI>
      <MDI key="STATISTICS_MAXIMUM">88</MDI>
      <MDI key="STATISTICS_MEAN">24.183317771553</MDI>
      <MDI key="STATISTICS_STDDEV">6.8590189747977</MDI>
      <MDI key="STATISTICS_SKIPFACTORX">1</MDI>
      <MDI key="STATISTICS_SKIPFACTORY">1</MDI>
      <MDI key="STATISTICS_EXCLUDEDVALUES"></MDI>
      <MDI key="STATISTICS_COVARIANCES">47.0461412966348</MDI>
    </Metadata>
  </PAMRasterBand>
</PAMDataset>
